Round,Train Loss,Test Loss,Train Accuracy,Test Accuracy
0,4.128034888505936,4.128164536952973,0.004425,0.0051
