Round,Train Loss,Test Loss,Train Accuracy,Test Accuracy
0,2.392582762956619,2.392278226852417,0.107185,0.1082
