Round,Train Loss,Test Loss,Train Accuracy,Test Accuracy
0,2.5284590780735017,2.5301542186737063,0.0938,0.0945
1,39.79331536248326,39.983621882796285,0.091125,0.0903
2,61.952388689517974,61.88296361297369,0.116975,0.1195
3,54.60844510011375,54.48222821299656,0.1411,0.1393
4,60.03805963199353,59.9446332018768,0.13365,0.1357
5,70.79974611032253,71.0204123054361,0.1632,0.1617
6,75.97434522555308,76.37150919588797,0.1417,0.1411
7,90.32056754445127,90.66292387008667,0.0832,0.0806
8,89.91321809621527,89.9173492434062,0.114775,0.1155
