Round,Train Loss,Test Loss,Train Accuracy,Test Accuracy
0,2.307069267829259,2.3067028522491455,0.09677083333333333,0.09916666666666667
