Round,Train Loss,Test Loss,Train Accuracy,Test Accuracy
0,2.392582746505737,2.392278246879578,0.107185,0.1082
